<?xml version="1.0" encoding="UTF-8" standalone="yes"?>
<catalog>
    <widget>
        <name>my-accounts</name>
        <contextItemName>[BBHOST]</contextItemName>
        <properties>
            <property name="TemplateName">
                <value type="string">Standard_Widget</value>
            </property>
            <property name="thumbnailUrl">
                <value type="string">$(itemRoot)/icon.png</value>
            </property>
            <property name="src">
                <value type="string">$(itemRoot)/index.html</value>
            </property>
            <property name="dataSource">
                <value type="string">$(itemRoot)/data/accounts.json</value>
            </property>
            <property label="Widget Chrome" name="widgetChrome" viewHint="select-one,user,designModeOnly">
                <value type="string">$(contextRoot)/static/backbase.com.2012.aurora/html/chromes/widget_default.html</value>
            </property>
            <property name="title" viewHint="user,designModeOnly">
                <value type="string">My Accounts</value>
            </property>
            <property name="behaviors">
                <value type="string">be.portalClientExt.PortalManagerPreferencesForm</value>
            </property>
        </properties>
        <securityProfile>ADMIN</securityProfile>
    </widget>
</catalog>
